sim_id,catalog,total_mass,q,chi1z,chi2z,ell,em,match,f_lower_mode,phase_diff_per_cycle,n_cycles,match_rotated
SXS:BBH:0169,SXS,40.0,1.9999969252812562,2.49131120301e-07,5.29196403758e-07,2,2,0.990504812586293,29.070635754116914,0.008471415231181494,38.0872895083815,
SXS:BBH:0169,SXS,40.0,1.9999969252812562,2.49131120301e-07,5.29196403758e-07,2,1,0.9513222812048799,14.535317877058457,0.0010774839221820882,21.988703521728816,
SXS:BBH:0169,SXS,40.0,1.9999969252812562,2.49131120301e-07,5.29196403758e-07,3,3,0.9937106167670479,43.60595363117537,0.023384218342622155,57.834754082139916,
SXS:BBH:0169,SXS,40.0,1.9999969252812562,2.49131120301e-07,5.29196403758e-07,4,4,0.9918401026101329,58.14127150823383,0.3762817744519503,77.18085938280335,
SXS:BBH:0169,SXS,40.0,1.9999969252812562,2.49131120301e-07,5.29196403758e-07,3,2,0.956465862507412,29.070635754116914,8.375784039940472e-05,38.05212034678632,
SXS:BBH:0169,SXS,40.0,1.9999969252812562,2.49131120301e-07,5.29196403758e-07,4,3,0.9546491318286937,43.60595363117537,0.003603314543357431,57.79034550692098,
