sim_id,catalog,total_mass,q,chi1z,chi2z,ell,em,match,f_lower_mode,phase_diff_per_cycle,n_cycles,match_rotated
SXS:BBH:0169,SXS,40.0,1.9999969252812562,2.49131120301e-07,5.29196403758e-07,2,2,0.9947142135650634,29.069905688436265,0.004851618115433974,42.60465231992916,
SXS:BBH:0169,SXS,40.0,1.9999969252812562,2.49131120301e-07,5.29196403758e-07,2,1,0.9512909482409625,14.534952844218132,0.004545985819079739,24.24767962421863,
SXS:BBH:0169,SXS,40.0,1.9999969252812562,2.49131120301e-07,5.29196403758e-07,3,3,0.9967893692465012,43.6048585326544,0.01887825220462896,64.61100989818831,
SXS:BBH:0169,SXS,40.0,1.9999969252812562,2.49131120301e-07,5.29196403758e-07,4,4,0.9965140439806371,58.13981137687253,0.3338818843546173,86.21501794857856,
SXS:BBH:0169,SXS,40.0,1.9999969252812562,2.49131120301e-07,5.29196403758e-07,5,5,nan,nan,nan,nan,
SXS:BBH:0169,SXS,40.0,1.9999969252812562,2.49131120301e-07,5.29196403758e-07,3,2,0.9580864012908157,29.069905688436265,0.003095046104431532,42.5689718470353,
SXS:BBH:0169,SXS,40.0,1.9999969252812562,2.49131120301e-07,5.29196403758e-07,4,3,0.959560892668816,43.6048585326544,0.001191727793256458,64.5656654294829,
