sim_id,catalog,total_mass,q,chi1z,chi2z,ell,em,match,f_lower_mode,phase_diff_per_cycle,n_cycles,match_rotated
SXS:BBH:0005,SXS,40.0,1.0004601318705177,0.499507999998,1.03335190226e-07,2,2,0.993330826136745,26.7440400143411,0.004301587840095349,44.189785005707634,
SXS:BBH:0005,SXS,40.0,1.0004601318705177,0.499507999998,1.03335190226e-07,2,1,0.9966444447427757,13.37202000717055,0.048800139655947955,25.0998730220025,
SXS:BBH:0005,SXS,40.0,1.0004601318705177,0.499507999998,1.03335190226e-07,3,3,0.9548236812355388,40.11606002151165,0.0449954811333938,66.738568371082,
SXS:BBH:0005,SXS,40.0,1.0004601318705177,0.499507999998,1.03335190226e-07,4,4,0.9886414780100512,53.4880800286822,0.30908081857077585,89.25888912766617,
SXS:BBH:0005,SXS,40.0,1.0004601318705177,0.499507999998,1.03335190226e-07,5,5,nan,nan,nan,nan,
SXS:BBH:0005,SXS,40.0,1.0004601318705177,0.499507999998,1.03335190226e-07,3,2,0.9924186341796165,26.7440400143411,0.003683606964176363,44.198086814876746,
SXS:BBH:0005,SXS,40.0,1.0004601318705177,0.499507999998,1.03335190226e-07,4,3,0.9743908319559851,40.11606002151165,0.23561134232318434,69.13180524640435,
