sim_id,catalog,total_mass,q,chi1z,chi2z,ell,em,match,f_lower_mode,phase_diff_per_cycle,n_cycles,match_rotated
SXS:BBH:0162,SXS,40.0,1.9999991976905525,0.600006285535,3.32805813614e-05,2,2,0.9927091057661895,28.754859822167408,0.0035448600945368037,45.82817129891331,
SXS:BBH:0162,SXS,40.0,1.9999991976905525,0.600006285535,3.32805813614e-05,2,1,0.3507706556689424,14.377429911083704,0.04237385207522506,25.860245029453154,
SXS:BBH:0162,SXS,40.0,1.9999991976905525,0.600006285535,3.32805813614e-05,3,3,0.9939512494906692,43.13228973325111,0.01164520185932325,69.51366215726019,
SXS:BBH:0162,SXS,40.0,1.9999991976905525,0.600006285535,3.32805813614e-05,4,4,0.9895580501197274,57.509719644334815,0.18809371986655948,92.86520456327588,
SXS:BBH:0162,SXS,40.0,1.9999991976905525,0.600006285535,3.32805813614e-05,3,2,0.5729192297465397,28.754859822167408,0.005672645076476471,45.85408877117395,
SXS:BBH:0162,SXS,40.0,1.9999991976905525,0.600006285535,3.32805813614e-05,4,3,0.40748729386171717,43.13228973325111,0.007349804328231595,69.47558322919114,
