sim_id,catalog,total_mass,q,chi1z,chi2z,ell,em,match,f_lower_mode,phase_diff_per_cycle,n_cycles,match_rotated
SXS:BBH:0005,SXS,40.0,1.0004601318705177,0.499507999998,1.03335190226e-07,2,2,0.992664395938911,26.92964301482196,0.012131571532484103,43.781166997368004,
SXS:BBH:0005,SXS,40.0,1.0004601318705177,0.499507999998,1.03335190226e-07,2,1,0.9965719503230156,13.46482150741098,0.0679540337061245,24.9431942740909,
SXS:BBH:0005,SXS,40.0,1.0004601318705177,0.499507999998,1.03335190226e-07,3,3,0.951279628205385,40.39446452223294,0.056667895994970324,66.15081249183818,
SXS:BBH:0005,SXS,40.0,1.0004601318705177,0.499507999998,1.03335190226e-07,4,4,0.9825824410597606,53.85928602964392,0.3938200546935606,88.48120347391043,
SXS:BBH:0005,SXS,40.0,1.0004601318705177,0.499507999998,1.03335190226e-07,3,2,0.9896662277591286,26.92964301482196,0.013714378141670452,43.811901675454386,
SXS:BBH:0005,SXS,40.0,1.0004601318705177,0.499507999998,1.03335190226e-07,4,3,0.9742161709978424,40.39446452223294,0.24913967709374502,68.56229083090514,
