sim_id,catalog,total_mass,q,chi1z,chi2z,ell,em,match,f_lower_mode,phase_diff_per_cycle,n_cycles,match_rotated
SXS:BBH:0001,SXS,40.0,1.0,1.20930921804e-07,1.22196915414e-07,2,2,0.9940031035642009,26.168210292074807,0.07611896148546332,41.35760176290621,
SXS:BBH:0001,SXS,40.0,1.0,1.20930921804e-07,1.22196915414e-07,2,1,0.2766769495145129,13.084105146037404,2.3387929064399366,35.8100618404356,
SXS:BBH:0001,SXS,40.0,1.0,1.20930921804e-07,1.22196915414e-07,3,3,0.2928674899041704,39.25231543811221,2.03736695706844,48.17344981584672,
SXS:BBH:0001,SXS,40.0,1.0,1.20930921804e-07,1.22196915414e-07,4,4,0.9019866149724556,52.336420584149614,0.9066283690547299,70.13464667127388,
SXS:BBH:0001,SXS,40.0,1.0,1.20930921804e-07,1.22196915414e-07,3,2,0.9940761051477732,26.168210292074807,0.16879230439117304,40.79077042861076,
SXS:BBH:0001,SXS,40.0,1.0,1.20930921804e-07,1.22196915414e-07,4,3,0.3533312298056789,39.25231543811221,0.4561255033363787,58.23878805273887,
