sim_id,catalog,total_mass,q,chi1z,chi2z,ell,em,match,f_lower_mode,phase_diff_per_cycle,n_cycles,match_rotated
SXS:BBH:0001,SXS,40.0,1.0,1.20930921804e-07,1.22196915414e-07,2,2,0.9940373268560607,26.10605874653162,0.051101739199779936,41.77272243105315,
SXS:BBH:0001,SXS,40.0,1.0,1.20930921804e-07,1.22196915414e-07,2,1,0.30669887237997445,13.05302937326581,2.1188537762226045,35.85558350158412,
SXS:BBH:0001,SXS,40.0,1.0,1.20930921804e-07,1.22196915414e-07,3,3,0.29263893949954783,39.15908811979743,2.011493558888366,48.63095020472293,
SXS:BBH:0001,SXS,40.0,1.0,1.20930921804e-07,1.22196915414e-07,4,4,0.9024409216236312,52.21211749306324,0.9834029526360585,70.70650290682104,
SXS:BBH:0001,SXS,40.0,1.0,1.20930921804e-07,1.22196915414e-07,5,5,nan,nan,nan,nan,
SXS:BBH:0001,SXS,40.0,1.0,1.20930921804e-07,1.22196915414e-07,3,2,0.9932342134877946,26.10605874653162,0.16251040636288783,41.07226991853718,
SXS:BBH:0001,SXS,40.0,1.0,1.20930921804e-07,1.22196915414e-07,4,3,0.35075705537940655,39.15908811979743,0.44800573946986594,58.66304671963853,
