sim_id,catalog,total_mass,q,chi1z,chi2z,ell,em,match,f_lower_mode,phase_diff_per_cycle,n_cycles,match_rotated,R_alpha,R_beta,R_gamma
SXS:BBH:0162,SXS,40.0,1.9999991976905525,0.600006285535,3.32805813614e-05,2,2,0.9973690882798272,28.754859822167408,0.004984013631155685,46.85595503655184,0.5437311441294823,2.7384868152864765,0.0,2.7384868152864765
SXS:BBH:0162,SXS,40.0,1.9999991976905525,0.600006285535,3.32805813614e-05,2,1,0.9964183218584982,14.377429911083704,0.024764296862279253,26.3266307012566,0.5437311441294823,2.7384868152864765,0.0,2.7384868152864765
SXS:BBH:0162,SXS,40.0,1.9999991976905525,0.600006285535,3.32805813614e-05,3,3,0.9889988439534945,43.13228973325111,0.0012129333610308133,71.0310759607214,0.5437311441294823,2.7384868152864765,0.0,2.7384868152864765
SXS:BBH:0162,SXS,40.0,1.9999991976905525,0.600006285535,3.32805813614e-05,4,4,0.9864229514758753,57.509719644334815,0.24024724294760882,94.89241364531351,0.5437311441294823,2.7384868152864765,0.0,2.7384868152864765
SXS:BBH:0162,SXS,40.0,1.9999991976905525,0.600006285535,3.32805813614e-05,5,5,nan,nan,nan,nan,0.5437311441294823,2.7384868152864765,0.0,2.7384868152864765
SXS:BBH:0162,SXS,40.0,1.9999991976905525,0.600006285535,3.32805813614e-05,3,2,0.9930935249585816,28.754859822167408,0.004287974261101298,46.86816169773438,0.5437311441294823,2.7384868152864765,0.0,2.7384868152864765
SXS:BBH:0162,SXS,40.0,1.9999991976905525,0.600006285535,3.32805813614e-05,4,3,0.9850737541868341,43.13228973325111,0.003724726093585284,70.99399277456415,0.5437311441294823,2.7384868152864765,0.0,2.7384868152864765
