sim_id,catalog,total_mass,q,chi1z,chi2z,ell,em,match,f_lower_mode,phase_diff_per_cycle,n_cycles,match_rotated,R_alpha,R_beta,R_gamma
SXS:BBH:0001,SXS,40.0,1.0,1.20930921804e-07,1.22196915414e-07,2,2,0.9994843261084033,26.10605874653162,0.051101739199779936,41.77272243105315,0.9931458553483193,-5.486286108941332,4.081106784836874e-05,-0.014174953488029995
SXS:BBH:0001,SXS,40.0,1.0,1.20930921804e-07,1.22196915414e-07,2,1,0.5331800510878675,13.05302937326581,2.1188537762226045,35.85558350158412,0.9931458553483193,-5.486286108941332,4.081106784836874e-05,-0.014174953488029995
SXS:BBH:0001,SXS,40.0,1.0,1.20930921804e-07,1.22196915414e-07,3,3,0.4328852212437372,39.15908811979743,2.011493558888366,48.63095020472293,0.9931458553483193,-5.486286108941332,4.081106784836874e-05,-0.014174953488029995
SXS:BBH:0001,SXS,40.0,1.0,1.20930921804e-07,1.22196915414e-07,4,4,0.904824905769966,52.21211749306324,0.9834029526360585,70.70650290682104,0.9931458553483193,-5.486286108941332,4.081106784836874e-05,-0.014174953488029995
SXS:BBH:0001,SXS,40.0,1.0,1.20930921804e-07,1.22196915414e-07,5,5,nan,nan,nan,nan,0.9931458553483193,-5.486286108941332,4.081106784836874e-05,-0.014174953488029995
SXS:BBH:0001,SXS,40.0,1.0,1.20930921804e-07,1.22196915414e-07,3,2,0.9968834366505118,26.10605874653162,0.16251040636288783,41.07226991853718,0.9931458553483193,-5.486286108941332,4.081106784836874e-05,-0.014174953488029995
SXS:BBH:0001,SXS,40.0,1.0,1.20930921804e-07,1.22196915414e-07,4,3,0.44658308020551096,39.15908811979743,0.44800573946986594,58.66304671963853,0.9931458553483193,-5.486286108941332,4.081106784836874e-05,-0.014174953488029995
