sim_id,catalog,total_mass,q,chi1z,chi2z,ell,em,match,f_lower_mode,phase_diff_per_cycle,n_cycles,match_rotated
SXS:BBH:0162,SXS,40.0,1.9999991976905525,0.600006285535,3.32805813614e-05,2,2,0.993053705035033,28.754859822167408,0.004984013631155685,46.85595503655184,
SXS:BBH:0162,SXS,40.0,1.9999991976905525,0.600006285535,3.32805813614e-05,2,1,0.3503823040479951,14.377429911083704,0.024764296862279253,26.3266307012566,
SXS:BBH:0162,SXS,40.0,1.9999991976905525,0.600006285535,3.32805813614e-05,3,3,0.9843807341816163,43.13228973325111,0.0012129333610308133,71.0310759607214,
SXS:BBH:0162,SXS,40.0,1.9999991976905525,0.600006285535,3.32805813614e-05,4,4,0.9778197609444709,57.509719644334815,0.24024724294760882,94.89241364531351,
SXS:BBH:0162,SXS,40.0,1.9999991976905525,0.600006285535,3.32805813614e-05,5,5,nan,nan,nan,nan,
SXS:BBH:0162,SXS,40.0,1.9999991976905525,0.600006285535,3.32805813614e-05,3,2,0.5694167460633224,28.754859822167408,0.004287974261101298,46.86816169773438,
SXS:BBH:0162,SXS,40.0,1.9999991976905525,0.600006285535,3.32805813614e-05,4,3,0.4055766882750697,43.13228973325111,0.003724726093585284,70.99399277456415,
